mfcc_0,mfcc_1,mfcc_2,mfcc_3,mfcc_4,mfcc_5,mfcc_6,mfcc_7,mfcc_8,mfcc_9,mfcc_10,mfcc_11,mfcc_12,label
-427.31317,112.402626,0.6659859,29.319479,-11.423854,22.844906,-0.19571427,29.437992,-10.335562,15.615675,-10.656807,18.511559,2.5038352,Passengership
